Categoria,media_duration,media_bytes,media_packets
Elefante,254780.57430285917,147151833.203671,54091.446170137664
Normal,17617.066481898037,1631.3256430461909,2.785318394826554
Rato,39391.45479452055,162.0,3.0
