Categoria,media_duration,media_bytes,media_packets
Rato,74129.27971118194,162.0,3.0
Elefante,147972.1707140268,33845044.104023196,25479.33490395071
Normal,5450.753557343258,985.5152058334063,2.4085021887456928
