Categoria,media_duration,media_bytes,media_packets,media_rate
Normal,5538.442841335669,984.4637351219552,2.4092574178173796,1176.0779549562435
Elefante,147972.1707140268,33845044.104023196,25479.33490395071,1071315.2924042589
