Categoria,media_duration,media_bytes,media_packets,media_rate
Chita,233.44452773613193,3015970.23988006,2029.811844077961,89134609.75578439
Caracol,10956.673382752724,5085.833282905383,14.23786670023828,1215.7704586105854
Normal,1153.8030819602307,11566.550090473474,10.160982392257697,2493.3457098415156
