Categoria,media_duration,media_bytes,media_packets
Elefante,72485.68367914778,3624142.413148899,2582.1991149269948
Normal,4147.957742373353,1813.2672870461358,4.121502645464951
Rato,6714.470860754081,150.25118592256462,3.0
