Categoria,media_duration,media_bytes,media_packets
Normal,2990.952007304724,4489.821445101141,5.484376633318944
Libélula,517.4103008946689,3342.0483607135225,7.387990243130007
Tartaruga,331165.0528760523,192023.88381560784,188.5691687193785
