Categoria,media_duration,media_bytes,media_packets,media_rate
Normal,1782.0303092891127,5256.514150149331,6.361061673773694,1787.0309010104022
Chita,308.11676396997495,2741660.936057826,1845.6869613566862,62122635.86506779
Caracol,39490.53457847094,936.4107872436429,6.70349682605417,46.52961136191879
